Carpeta,Nombre,Archivo,Ruta
"ADMI_1134","S3_Guion 1 Corrientes teóricas y modelos contemporáneos en la Administración Pública","S3_Guion 1 Corrientes teóricas y modelos contemporáneos en la Administración Pública.html","ADMI_1134/S3_Guion 1 Corrientes teóricas y modelos contemporáneos en la Administración Pública.html"
"ADMI_1134","S5_Guion 2 Sistemas administrativos y gestión pública eficiente","S5_Guion 2 Sistemas administrativos y gestión pública eficiente.html","ADMI_1134/S5_Guion 2 Sistemas administrativos y gestión pública eficiente.html"
"ADMI_1134","S7_Guion 3 Retos  innovación y sostenibilidad en la Administración Pública del siglo XXI","S7_Guion 3 Retos  innovación y sostenibilidad en la Administración Pública del siglo XXI.html","ADMI_1134/S7_Guion 3 Retos  innovación y sostenibilidad en la Administración Pública del siglo XXI.html"
"ADMI_1134","S8_Guion 4 Repaso del módulo","S8_Guion 4 Repaso del módulo.html","ADMI_1134/S8_Guion 4 Repaso del módulo.html"
"DERE_2474","S1_Guion 1_Sistema Nacional de Contratacio╠ün Pu╠üblica (SNCP)","S1_Guion 1_Sistema Nacional de Contratacio╠ün Pu╠üblica (SNCP).html","DERE_2474/S1_Guion 1_Sistema Nacional de Contratacio╠ün Pu╠üblica (SNCP).html"
"DERE_2474","S12_Guion 3_Certificacio╠ün Catalogo Electro╠ünico","S12_Guion 3_Certificacio╠ün Catalogo Electro╠ünico.html","DERE_2474/S12_Guion 3_Certificacio╠ün Catalogo Electro╠ünico.html"
"DERE_2474","S15 Guion 4 Esquema y Proceso de Evaluacio╠ün Postcontractual segu╠ün la LOSNCP","S15 Guion 4 Esquema y Proceso de Evaluacio╠ün Postcontractual segu╠ün la LOSNCP.html","DERE_2474/S15 Guion 4 Esquema y Proceso de Evaluacio╠ün Postcontractual segu╠ün la LOSNCP.html"
"DERE_2474","S5_Guion 2_Procedimientos Dina╠ümicos en la Contratacio╠ün Pu╠üblica","S5_Guion 2_Procedimientos Dina╠ümicos en la Contratacio╠ün Pu╠üblica.html","DERE_2474/S5_Guion 2_Procedimientos Dina╠ümicos en la Contratacio╠ün Pu╠üblica.html"
"DERE_3050","S11_Guion 2_Arrendamiento de bienes muebles e inmuebles","S11_Guion 2_Arrendamiento de bienes muebles e inmuebles.html","DERE_3050/S11_Guion 2_Arrendamiento de bienes muebles e inmuebles.html"
"DERE_3050","S4_Guion 1_Determinación de contrataciones","S4_Guion 1_Determinación de contrataciones.html","DERE_3050/S4_Guion 1_Determinación de contrataciones.html"
"DRBD_2008","Alias_ordenamiento_y_optimizacion_en_SQL","Alias_ordenamiento_y_optimizacion_en_SQL.html","DRBD_2008/Alias_ordenamiento_y_optimizacion_en_SQL.html"
"DRBD_2008","Analitica_de_Datos_con_SQL","Analitica_de_Datos_con_SQL.html","DRBD_2008/Analitica_de_Datos_con_SQL.html"
"DRBD_2008","Arquitectura_ANSI_SPARC","Arquitectura_ANSI_SPARC.html","DRBD_2008/Arquitectura_ANSI_SPARC.html"
"DRBD_2008","Arquitectura_ANSI_SPARC_y_niveles","Arquitectura_ANSI_SPARC_y_niveles.html","DRBD_2008/Arquitectura_ANSI_SPARC_y_niveles.html"
"DRBD_2008","Arquitectura_Interna_de_un_SGBD","Arquitectura_Interna_de_un_SGBD.html","DRBD_2008/Arquitectura_Interna_de_un_SGBD.html"
"DRBD_2008","Arquitecturas_de_datos_para_analitica","Arquitecturas_de_datos_para_analitica.html","DRBD_2008/Arquitecturas_de_datos_para_analitica.html"
"DRBD_2008","Caracteristicas_de_bases_de_datos_NoSQL","Caracteristicas_de_bases_de_datos_NoSQL.html","DRBD_2008/Caracteristicas_de_bases_de_datos_NoSQL.html"
"DRBD_2008","Caracteristicas_fundamentales_de_las_bases_de_datos","Caracteristicas_fundamentales_de_las_bases_de_datos.html","DRBD_2008/Caracteristicas_fundamentales_de_las_bases_de_datos.html"
"DRBD_2008","Caracteristicas_y_sublenguajes_de_SQL","Caracteristicas_y_sublenguajes_de_SQL.html","DRBD_2008/Caracteristicas_y_sublenguajes_de_SQL.html"
"DRBD_2008","Conceptos_clave_del_modelo_EER","Conceptos_clave_del_modelo_EER.html","DRBD_2008/Conceptos_clave_del_modelo_EER.html"
"DRBD_2008","Control_de_acceso_y_subconsultas_SQL","Control_de_acceso_y_subconsultas_SQL.html","DRBD_2008/Control_de_acceso_y_subconsultas_SQL.html"
"DRBD_2008","Creacion_y_modificacion_de_tablas_SQL","Creacion_y_modificacion_de_tablas_SQL.html","DRBD_2008/Creacion_y_modificacion_de_tablas_SQL.html"
"DRBD_2008","Desafio_CRUD_SQL","Desafio_CRUD_SQL.html","DRBD_2008/Desafio_CRUD_SQL.html"
"DRBD_2008","Diccionario_de_Datos_del_modelo_para_el_operador_de_telecomunicaciones","Diccionario_de_Datos_del_modelo_para_el_operador_de_telecomunicaciones.html","DRBD_2008/Diccionario_de_Datos_del_modelo_para_el_operador_de_telecomunicaciones.html"
"DRBD_2008","Ecosistema_NoSQL","Ecosistema_NoSQL.html","DRBD_2008/Ecosistema_NoSQL.html"
"DRBD_2008","Estructura_de_areas_funcionales","Estructura_de_areas_funcionales.html","DRBD_2008/Estructura_de_areas_funcionales.html"
"DRBD_2008","Funciones_de_agregacion_y_agrupamiento_en_SQL","Funciones_de_agregacion_y_agrupamiento_en_SQL.html","DRBD_2008/Funciones_de_agregacion_y_agrupamiento_en_SQL.html"
"DRBD_2008","Incidencias_en_el_NOC_Network_Operations_Center","Incidencias_en_el_NOC_Network_Operations_Center.html","DRBD_2008/Incidencias_en_el_NOC_Network_Operations_Center.html"
"DRBD_2008","Modelado_de_datos_y_diseno","Modelado_de_datos_y_diseno.html","DRBD_2008/Modelado_de_datos_y_diseno.html"
"DRBD_2008","Modelo_Entidad_Relacion_ER","Modelo_Entidad_Relacion_ER.html","DRBD_2008/Modelo_Entidad_Relacion_ER.html"
"DRBD_2008","Modelo_relacional_y_claves","Modelo_relacional_y_claves.html","DRBD_2008/Modelo_relacional_y_claves.html"
"DRBD_2008","Normalizacion_de_bases_de_datos","Normalizacion_de_bases_de_datos.html","DRBD_2008/Normalizacion_de_bases_de_datos.html"
"DRBD_2008","Operaciones_DML","Operaciones_DML.html","DRBD_2008/Operaciones_DML.html"
"DRBD_2008","Operadores_en_clausula_WHERE","Operadores_en_clausula_WHERE.html","DRBD_2008/Operadores_en_clausula_WHERE.html"
"DRBD_2008","Organizacion_de_archivos_e_indices","Organizacion_de_archivos_e_indices.html","DRBD_2008/Organizacion_de_archivos_e_indices.html"
"DRBD_2008","Particionamiento_de_Datos","Particionamiento_de_Datos.html","DRBD_2008/Particionamiento_de_Datos.html"
"DRBD_2008","Repaso_general_del_primer_bimestre","Repaso_general_del_primer_bimestre.html","DRBD_2008/Repaso_general_del_primer_bimestre.html"
"DRBD_2008","Repaso_general_del_segundo_bimestre","Repaso_general_del_segundo_bimestre.html","DRBD_2008/Repaso_general_del_segundo_bimestre.html"
"DRBD_2008","Responsabilidades_del_Administrador_de_Bases_de_Datos","Responsabilidades_del_Administrador_de_Bases_de_Datos.html","DRBD_2008/Responsabilidades_del_Administrador_de_Bases_de_Datos.html"
"DRBD_2008","Tipos_de_JOIN_en_consultas_SQL","Tipos_de_JOIN_en_consultas_SQL.html","DRBD_2008/Tipos_de_JOIN_en_consultas_SQL.html"
"DRBD_2008","Tipos_de_usuarios_en_bases_de_datos","Tipos_de_usuarios_en_bases_de_datos.html","DRBD_2008/Tipos_de_usuarios_en_bases_de_datos.html"
"DRBD_2008","Tipos_de_usuarios_en_SGBD","Tipos_de_usuarios_en_SGBD.html","DRBD_2008/Tipos_de_usuarios_en_SGBD.html"
"DRBD_2008","Tipos_y_uso_de_bases_NoSQL","Tipos_y_uso_de_bases_NoSQL.html","DRBD_2008/Tipos_y_uso_de_bases_NoSQL.html"
"DRBD_2008","Transformacion_del_Modelo_ER_a_Relacional","Transformacion_del_Modelo_ER_a_Relacional.html","DRBD_2008/Transformacion_del_Modelo_ER_a_Relacional.html"
"ECON_3042","Aplicacion_matematica_Modelos_de_oligopolio_en_un_duopolio","Aplicacion_matematica_Modelos_de_oligopolio_en_un_duopolio.html","ECON_3042/Aplicacion_matematica_Modelos_de_oligopolio_en_un_duopolio.html"
"ECON_3042","Clasificacion_de_externalidades","Clasificacion_de_externalidades.html","ECON_3042/Clasificacion_de_externalidades.html"
"ECON_3042","El_riesgo_moral_en_los_seguros","El_riesgo_moral_en_los_seguros.html","ECON_3042/El_riesgo_moral_en_los_seguros.html"
"ECON_3042","Modelos_de_competencia_imperfecta","Modelos_de_competencia_imperfecta.html","ECON_3042/Modelos_de_competencia_imperfecta.html"
"ELEC_1019","Ciclo_de_vida_de_un_sistema_energetico","Ciclo_de_vida_de_un_sistema_energetico.html","ELEC_1019/Ciclo_de_vida_de_un_sistema_energetico.html"
"ELEC_1019","Clasificacion_de_las_fuentes_de_energia","Clasificacion_de_las_fuentes_de_energia.html","ELEC_1019/Clasificacion_de_las_fuentes_de_energia.html"
"ELEC_1019","Combustibles_fosiles","Combustibles_fosiles.html","ELEC_1019/Combustibles_fosiles.html"
"ELEC_1019","Componentes_y_dimensiones_de_un_sistema_energetico","Componentes_y_dimensiones_de_un_sistema_energetico.html","ELEC_1019/Componentes_y_dimensiones_de_un_sistema_energetico.html"
"ELEC_1019","Crisis_exergetica_y_ambiental","Crisis_exergetica_y_ambiental.html","ELEC_1019/Crisis_exergetica_y_ambiental.html"
"ELEC_1019","Energia_clima_y_civilizacion","Energia_clima_y_civilizacion.html","ELEC_1019/Energia_clima_y_civilizacion.html"
"ELEC_1019","Estado_del_planeta_y_desafios_energeticos","Estado_del_planeta_y_desafios_energeticos.html","ELEC_1019/Estado_del_planeta_y_desafios_energeticos.html"
"ELEC_1019","Etapas_del_Antropoceno_y_sus_implicaciones_energeticas","Etapas_del_Antropoceno_y_sus_implicaciones_energeticas.html","ELEC_1019/Etapas_del_Antropoceno_y_sus_implicaciones_energeticas.html"
"ELEC_1019","Fases_historicas_energia_naturaleza_sociedad","Fases_historicas_energia_naturaleza_sociedad.html","ELEC_1019/Fases_historicas_energia_naturaleza_sociedad.html"
"ELEC_1019","Impactos_ambientales_de_las_fuentes_convencionales_de_energia","Impactos_ambientales_de_las_fuentes_convencionales_de_energia.html","ELEC_1019/Impactos_ambientales_de_las_fuentes_convencionales_de_energia.html"
"ELEC_1019","Instrumentos_de_politica_publica","Instrumentos_de_politica_publica.html","ELEC_1019/Instrumentos_de_politica_publica.html"
"ELEC_1019","La_Gran_Aceleracion","La_Gran_Aceleracion.html","ELEC_1019/La_Gran_Aceleracion.html"
"ELEC_1019","Marco_regulatorio_internacional_del_sector_energetico","Marco_regulatorio_internacional_del_sector_energetico.html","ELEC_1019/Marco_regulatorio_internacional_del_sector_energetico.html"
"ELEC_1019","Matriz_energetica","Matriz_energetica.html","ELEC_1019/Matriz_energetica.html"
"ELEC_1019","Mitigacion_y_descarbonizacion_energetica","Mitigacion_y_descarbonizacion_energetica.html","ELEC_1019/Mitigacion_y_descarbonizacion_energetica.html"
"ELEC_1019","Normas_y_regulaciones_nacionales_del_sector_energetico","Normas_y_regulaciones_nacionales_del_sector_energetico.html","ELEC_1019/Normas_y_regulaciones_nacionales_del_sector_energetico.html"
"ELEC_1019","Panorama_mundial_de_energias_convencionales","Panorama_mundial_de_energias_convencionales.html","ELEC_1019/Panorama_mundial_de_energias_convencionales.html"
"ELEC_1019","Resumen_de_la_asignatura","Resumen_de_la_asignatura.html","ELEC_1019/Resumen_de_la_asignatura.html"
"ELEC_1019","Revoluciones_cientificas_en_energia","Revoluciones_cientificas_en_energia.html","ELEC_1019/Revoluciones_cientificas_en_energia.html"
"ELEN_2019","Anaalisis_fasorial_circuitos_serie_AC","Anaalisis_fasorial_circuitos_serie_AC.html","ELEN_2019/Anaalisis_fasorial_circuitos_serie_AC.html"
"ELEN_2019","Capacitores_circuitos_RC_DC","Capacitores_circuitos_RC_DC.html","ELEN_2019/Capacitores_circuitos_RC_DC.html"
"ELEN_2019","Equivalentes_Thévenin_Norton_AC","Equivalentes_Thévenin_Norton_AC.html","ELEN_2019/Equivalentes_Thévenin_Norton_AC.html"
"ELEN_2019","Forma_senoidal_desplazamiento_fase","Forma_senoidal_desplazamiento_fase.html","ELEN_2019/Forma_senoidal_desplazamiento_fase.html"
"ELEN_2019","Impedancia_diagramas_AC","Impedancia_diagramas_AC.html","ELEN_2019/Impedancia_diagramas_AC.html"
"ELEN_2019","LCK_circuitos_AC_paralelos","LCK_circuitos_AC_paralelos.html","ELEN_2019/LCK_circuitos_AC_paralelos.html"
"ELEN_2019","Potencia instantánea_promedio_AC","Potencia instantánea_promedio_AC.html","ELEN_2019/Potencia instantánea_promedio_AC.html"
"ELEN_2019","Procedimiento_de_analisis_de_malla_en_DC","Procedimiento_de_analisis_de_malla_en_DC.html","ELEN_2019/Procedimiento_de_analisis_de_malla_en_DC.html"
"ELEN_2019","Repaso_general_del_primer_bimestre","Repaso_general_del_primer_bimestre.html","ELEN_2019/Repaso_general_del_primer_bimestre.html"
"ELEN_2019","Repaso_general_segundo_bimestre","Repaso_general_segundo_bimestre.html","ELEN_2019/Repaso_general_segundo_bimestre.html"
"ELEN_2019","S1_Guion_1_Conceptos_basicos_de_circuitos_electricos","S1_Guion_1_Conceptos_basicos_de_circuitos_electricos.html","ELEN_2019/S1_Guion_1_Conceptos_basicos_de_circuitos_electricos.html"
"ELEN_2019","S1_Guion_2_Magnitudes_y_conceptos_electricos_fundamentales","S1_Guion_2_Magnitudes_y_conceptos_electricos_fundamentales.html","ELEN_2019/S1_Guion_2_Magnitudes_y_conceptos_electricos_fundamentales.html"
"ELEN_2019","S10_Guion 20_Respuesta senoidal en R  L y C","S10_Guion 20_Respuesta senoidal en R  L y C.html","ELEN_2019/S10_Guion 20_Respuesta senoidal en R  L y C.html"
"ELEN_2019","S10_Guion 22_fasorial_en_circuitos_AC.html","S10_Guion 22_fasorial_en_circuitos_AC.html.html","ELEN_2019/S10_Guion 22_fasorial_en_circuitos_AC.html.html"
"ELEN_2019","S11_Guion 24_Analisis de circuitos en serie AC","S11_Guion 24_Analisis de circuitos en serie AC.html","ELEN_2019/S11_Guion 24_Analisis de circuitos en serie AC.html"
"ELEN_2019","S11_Guion 25_Circuitos en paralelo en AC","S11_Guion 25_Circuitos en paralelo en AC.html","ELEN_2019/S11_Guion 25_Circuitos en paralelo en AC.html"
"ELEN_2019","S13_Guion 28_Análisis de mallas en AC","S13_Guion 28_Análisis de mallas en AC.html","ELEN_2019/S13_Guion 28_Análisis de mallas en AC.html"
"ELEN_2019","S13_Guion 29_Análisis nodal en AC","S13_Guion 29_Análisis nodal en AC.html","ELEN_2019/S13_Guion 29_Análisis nodal en AC.html"
"ELEN_2019","S14_Guion 31_Máxima transferencia de potencia en AC","S14_Guion 31_Máxima transferencia de potencia en AC.html","ELEN_2019/S14_Guion 31_Máxima transferencia de potencia en AC.html"
"ELEN_2019","S15_Guion 32_Potencia en circuitos AC resistivos","S15_Guion 32_Potencia en circuitos AC resistivos.html","ELEN_2019/S15_Guion 32_Potencia en circuitos AC resistivos.html"
"ELEN_2019","S15_Guion 33_Potencia reactiva en circuitos inductivos y capacitivos","S15_Guion 33_Potencia reactiva en circuitos inductivos y capacitivos.html","ELEN_2019/S15_Guion 33_Potencia reactiva en circuitos inductivos y capacitivos.html"
"ELEN_2019","S15_Guion 34_Análisis de P  Q y S en sistemas AC","S15_Guion 34_Análisis de P  Q y S en sistemas AC.html","ELEN_2019/S15_Guion 34_Análisis de P  Q y S en sistemas AC.html"
"ELEN_2019","S2_Guion_3_Aplicacion_de_la_Ley_de_Ohm","S2_Guion_3_Aplicacion_de_la_Ley_de_Ohm.html","ELEN_2019/S2_Guion_3_Aplicacion_de_la_Ley_de_Ohm.html"
"ELEN_2019","S2_Guion_4_Medicion_de_voltaje_y_corriente","S2_Guion_4_Medicion_de_voltaje_y_corriente.html","ELEN_2019/S2_Guion_4_Medicion_de_voltaje_y_corriente.html"
"ELEN_2019","S2_Guion_5_Topologias_basicas_de_circuitos_electrico","S2_Guion_5_Topologias_basicas_de_circuitos_electrico.html","ELEN_2019/S2_Guion_5_Topologias_basicas_de_circuitos_electrico.html"
"ELEN_2019","S3_Guion_6_Leyes_de_Kirchhoff_Corrientes_y_Voltajes","S3_Guion_6_Leyes_de_Kirchhoff_Corrientes_y_Voltajes.html","ELEN_2019/S3_Guion_6_Leyes_de_Kirchhoff_Corrientes_y_Voltajes.html"
"ELEN_2019","S3_Guion_7_Serie_paralelo_y_divisores","S3_Guion_7_Serie_paralelo_y_divisores.html","ELEN_2019/S3_Guion_7_Serie_paralelo_y_divisores.html"
"ELEN_2019","S4_Guion_8_Procedimiento_de_analisis_nodal_en_DC","S4_Guion_8_Procedimiento_de_analisis_nodal_en_DC.html","ELEN_2019/S4_Guion_8_Procedimiento_de_analisis_nodal_en_DC.html"
"ELEN_2019","S5_Guion_11_Supermalla_y_fuentes_de_corriente","S5_Guion_11_Supermalla_y_fuentes_de_corriente.html","ELEN_2019/S5_Guion_11_Supermalla_y_fuentes_de_corriente.html"
"ELEN_2019","S6_Guion_12_Linealidad_y_superposicion","S6_Guion_12_Linealidad_y_superposicion.html","ELEN_2019/S6_Guion_12_Linealidad_y_superposicion.html"
"ELEN_2019","S6_Guion_13_Teoremas_de_Thevenin_y_Norton","S6_Guion_13_Teoremas_de_Thevenin_y_Norton.html","ELEN_2019/S6_Guion_13_Teoremas_de_Thevenin_y_Norton.html"
"ELEN_2019","S7_Guion_15_Inductores_y_circuitos_RL","S7_Guion_15_Inductores_y_circuitos_RL.html","ELEN_2019/S7_Guion_15_Inductores_y_circuitos_RL.html"
"ELEN_2019","S9_Guion 17_Corriente alterna y ondas senoidales","S9_Guion 17_Corriente alterna y ondas senoidales.html","ELEN_2019/S9_Guion 17_Corriente alterna y ondas senoidales.html"
"ELEN_2019","Supernodo_en_analisis_nodal_DC","Supernodo_en_analisis_nodal_DC.html","ELEN_2019/Supernodo_en_analisis_nodal_DC.html"
"ELEN_2019","Valores_promedio_eficaz","Valores_promedio_eficaz.html","ELEN_2019/Valores_promedio_eficaz.html"
"ESAN_2000","Analisis_de_actores_en_politicas_ambientales","Analisis_de_actores_en_politicas_ambientales.html","ESAN_2000/Analisis_de_actores_en_politicas_ambientales.html"
"ESAN_2000","Caso_de_estudio_Alternativas_locales_y_gobernanza_ambiental_comunitaria","Caso_de_estudio_Alternativas_locales_y_gobernanza_ambiental_comunitaria.html","ESAN_2000/Caso_de_estudio_Alternativas_locales_y_gobernanza_ambiental_comunitaria.html"
"ESAN_2000","Caso_de_estudio_Conocimientos_tradicionales_genero_e_interseccionalidad_en_conflictos_socioambientales","Caso_de_estudio_Conocimientos_tradicionales_genero_e_interseccionalidad_en_conflictos_socioambientales.html","ESAN_2000/Caso_de_estudio_Conocimientos_tradicionales_genero_e_interseccionalidad_en_conflictos_socioambientales.html"
"ESAN_2000","Caso_de_estudio_Crisis_ecologica_global_limites_planetarios_y_desigualdad_estructural","Caso_de_estudio_Crisis_ecologica_global_limites_planetarios_y_desigualdad_estructural.html","ESAN_2000/Caso_de_estudio_Crisis_ecologica_global_limites_planetarios_y_desigualdad_estructural.html"
"ESAN_2000","Caso_de_estudio_Gobers_internacionales","Caso_de_estudio_Gobers_internacionales.html","ESAN_2000/Caso_de_estudio_Gobers_internacionales.html"
"ESAN_2000","Caso_de_estudio_Participacion_consulta_previa_y_justicia_socioambiental","Caso_de_estudio_Participacion_consulta_previa_y_justicia_socioambiental.html","ESAN_2000/Caso_de_estudio_Participacion_consulta_previa_y_justicia_socioambiental.html"
"ESAN_2000","Ciclo_de_vida_de_los_conflictos_socioambientales","Ciclo_de_vida_de_los_conflictos_socioambientales.html","ESAN_2000/Ciclo_de_vida_de_los_conflictos_socioambientales.html"
"ESAN_2000","Crisis_ambiental_en_Ecuador_desafios_clave","Crisis_ambiental_en_Ecuador_desafios_clave.html","ESAN_2000/Crisis_ambiental_en_Ecuador_desafios_clave.html"
"ESAN_2000","Cronologia_de_la_ecologia_politica_corrientes_teoricas","Cronologia_de_la_ecologia_politica_corrientes_teoricas.html","ESAN_2000/Cronologia_de_la_ecologia_politica_corrientes_teoricas.html"
"ESAN_2000","De_la_gobernanza_territorial_a_la_ecolo_politica_de_la_diferencia","De_la_gobernanza_territorial_a_la_ecolo_politica_de_la_diferencia.html","ESAN_2000/De_la_gobernanza_territorial_a_la_ecolo_politica_de_la_diferencia.html"
"ESAN_2000","Enfoque_sistemico_para_comprender_el_territorio","Enfoque_sistemico_para_comprender_el_territorio.html","ESAN_2000/Enfoque_sistemico_para_comprender_el_territorio.html"
"ESAN_2000","Instrumentos_del_derecho_internacional_ambiental_y_su_evolucion","Instrumentos_del_derecho_internacional_ambiental_y_su_evolucion.html","ESAN_2000/Instrumentos_del_derecho_internacional_ambiental_y_su_evolucion.html"
"ESAN_2000","Justicia_socioambiental_y_justicia_climatica","Justicia_socioambiental_y_justicia_climatica.html","ESAN_2000/Justicia_socioambiental_y_justicia_climatica.html"
"ESAN_2000","Metabolismo_social_y_conflictos_socioambientales","Metabolismo_social_y_conflictos_socioambientales.html","ESAN_2000/Metabolismo_social_y_conflictos_socioambientales.html"
"ESAN_2000","Niveles_de_transformacion_socio_ecologica","Niveles_de_transformacion_socio_ecologica.html","ESAN_2000/Niveles_de_transformacion_socio_ecologica.html"
"ESAN_2000","Poder_autoridad_y_legitimidad_en_las_decisiones_ambientales","Poder_autoridad_y_legitimidad_en_las_decisiones_ambientales.html","ESAN_2000/Poder_autoridad_y_legitimidad_en_las_decisiones_ambientales.html"
"ESAN_2000","Por_que_el_ambiente_se_volvio_politico","Por_que_el_ambiente_se_volvio_politico.html","ESAN_2000/Por_que_el_ambiente_se_volvio_politico.html"
"ESAN_2000","Principales_regimenes_ambientales_globales","Principales_regimenes_ambientales_globales.html","ESAN_2000/Principales_regimenes_ambientales_globales.html"
"ESAN_2000","Principios_de_la_justicia_ambiental_desde_los_movimientos_sociales","Principios_de_la_justicia_ambiental_desde_los_movimientos_sociales.html","ESAN_2000/Principios_de_la_justicia_ambiental_desde_los_movimientos_sociales.html"
"ESAN_2000","Quiz_Introduccion_a_la_ecologia_politica","Quiz_Introduccion_a_la_ecologia_politica.html","ESAN_2000/Quiz_Introduccion_a_la_ecologia_politica.html"
"ESAN_2000","Quiz_Territorio_resistencias_y_disputas_de_poder","Quiz_Territorio_resistencias_y_disputas_de_poder.html","ESAN_2000/Quiz_Territorio_resistencias_y_disputas_de_poder.html"
"ESAN_2000","Quiz_Transformaciones_socioecologicas_extractivismo_y_neoextractivismo","Quiz_Transformaciones_socioecologicas_extractivismo_y_neoextractivismo.html","ESAN_2000/Quiz_Transformaciones_socioecologicas_extractivismo_y_neoextractivismo.html"
"ESAN_2000","Relacion_sociedad_naturaleza_modelos_y_paradigmas","Relacion_sociedad_naturaleza_modelos_y_paradigmas.html","ESAN_2000/Relacion_sociedad_naturaleza_modelos_y_paradigmas.html"
"ESAN_2000","Repaso_del_primer_bimestre","Repaso_del_primer_bimestre.html","ESAN_2000/Repaso_del_primer_bimestre.html"
"ESAN_2000","Repaso_del_segundo_bimestre","Repaso_del_segundo_bimestre.html","ESAN_2000/Repaso_del_segundo_bimestre.html"
"ESTA_2033","Analisis_de_la_Forma_Asimetria_y_Curtosis","Analisis_de_la_Forma_Asimetria_y_Curtosis.html","ESTA_2033/Analisis_de_la_Forma_Asimetria_y_Curtosis.html"
"ESTA_2033","Aplicacion_de_Estandares_Robustos_en_el_EDA","Aplicacion_de_Estandares_Robustos_en_el_EDA.html","ESTA_2033/Aplicacion_de_Estandares_Robustos_en_el_EDA.html"
"ESTA_2033","Clasificacion_de_variables_aleatorias","Clasificacion_de_variables_aleatorias.html","ESTA_2033/Clasificacion_de_variables_aleatorias.html"
"ESTA_2033","Correccion_de_Bonferroni_FDR_y_tamanios_del_efecto","Correccion_de_Bonferroni_FDR_y_tamanios_del_efecto.html","ESTA_2033/Correccion_de_Bonferroni_FDR_y_tamanios_del_efecto.html"
"ESTA_2033","Correlacion_y_diagrama_de_dispersion","Correlacion_y_diagrama_de_dispersion.html","ESTA_2033/Correlacion_y_diagrama_de_dispersion.html"
"ESTA_2033","Ejemplo_de_aplicacion_ANOVA","Ejemplo_de_aplicacion_ANOVA.html","ESTA_2033/Ejemplo_de_aplicacion_ANOVA.html"
"ESTA_2033","Ejercicios_de_aplicacion_de_la_distribucion_normal","Ejercicios_de_aplicacion_de_la_distribucion_normal.html","ESTA_2033/Ejercicios_de_aplicacion_de_la_distribucion_normal.html"
"ESTA_2033","Ejercicios_de_aplicacion_identificacion_de_hipotesis","Ejercicios_de_aplicacion_identificacion_de_hipotesis.html","ESTA_2033/Ejercicios_de_aplicacion_identificacion_de_hipotesis.html"
"ESTA_2033","Escalas_de_medicion","Escalas_de_medicion.html","ESTA_2033/Escalas_de_medicion.html"
"ESTA_2033","Estimacion_puntual_e_intervalos_de_confianza","Estimacion_puntual_e_intervalos_de_confianza.html","ESTA_2033/Estimacion_puntual_e_intervalos_de_confianza.html"
"ESTA_2033","Exploracion_multivariada_basica","Exploracion_multivariada_basica.html","ESTA_2033/Exploracion_multivariada_basica.html"
"ESTA_2033","Identificacion_de_distribuciones_continuas","Identificacion_de_distribuciones_continuas.html","ESTA_2033/Identificacion_de_distribuciones_continuas.html"
"ESTA_2033","Identificacion_de_graficos_estadisticos","Identificacion_de_graficos_estadisticos.html","ESTA_2033/Identificacion_de_graficos_estadisticos.html"
"ESTA_2033","Modelado_de_Incertidumbre_y_Teorema_de_Bayes","Modelado_de_Incertidumbre_y_Teorema_de_Bayes.html","ESTA_2033/Modelado_de_Incertidumbre_y_Teorema_de_Bayes.html"
"ESTA_2033","Modelos_de_Distribucion_Discreta","Modelos_de_Distribucion_Discreta.html","ESTA_2033/Modelos_de_Distribucion_Discreta.html"
"ESTA_2033","Modelos_de_Distribucion_Discreta_en_la_Toma_de_Decisiones","Modelos_de_Distribucion_Discreta_en_la_Toma_de_Decisiones.html","ESTA_2033/Modelos_de_Distribucion_Discreta_en_la_Toma_de_Decisiones.html"
"ESTA_2033","Muestreo_y_toma_de_decisiones_en_analisis_de_datos","Muestreo_y_toma_de_decisiones_en_analisis_de_datos.html","ESTA_2033/Muestreo_y_toma_de_decisiones_en_analisis_de_datos.html"
"ESTA_2033","No_linealidades_regularizacion_y_metricas","No_linealidades_regularizacion_y_metricas.html","ESTA_2033/No_linealidades_regularizacion_y_metricas.html"
"ESTA_2033","Paso_a_paso_varianza_y_desviacion_estandar","Paso_a_paso_varianza_y_desviacion_estandar.html","ESTA_2033/Paso_a_paso_varianza_y_desviacion_estandar.html"
"ESTA_2033","Pruebas_de_hipotesis_en_la_evaluacion_de_un_programa_de_capacitacion","Pruebas_de_hipotesis_en_la_evaluacion_de_un_programa_de_capacitacion.html","ESTA_2033/Pruebas_de_hipotesis_en_la_evaluacion_de_un_programa_de_capacitacion.html"
"ESTA_2033","Pruebas_por_permutacion_y_potencia_estadistica","Pruebas_por_permutacion_y_potencia_estadistica.html","ESTA_2033/Pruebas_por_permutacion_y_potencia_estadistica.html"
"ESTA_2033","Regresion_lineal_y_prediccion_de_ventas_de_copiadoras","Regresion_lineal_y_prediccion_de_ventas_de_copiadoras.html","ESTA_2033/Regresion_lineal_y_prediccion_de_ventas_de_copiadoras.html"
"ESTA_2033","Regresion_logistica_odds_y_evaluacion_de_clasificacion","Regresion_logistica_odds_y_evaluacion_de_clasificacion.html","ESTA_2033/Regresion_logistica_odds_y_evaluacion_de_clasificacion.html"
"ESTA_2033","Repaso_general_del_primer_bimestre","Repaso_general_del_primer_bimestre.html","ESTA_2033/Repaso_general_del_primer_bimestre.html"
"ESTA_2033","Repaso_general_del_segundo_bimestre","Repaso_general_del_segundo_bimestre.html","ESTA_2033/Repaso_general_del_segundo_bimestre.html"
"ESTA_2033","Resultados_IA","Resultados_IA.html","ESTA_2033/Resultados_IA.html"
"ESTA_2033","Seleccion_de_modelos_y_regularizacion_en_prediccion_de_satisfaccion_laboral","Seleccion_de_modelos_y_regularizacion_en_prediccion_de_satisfaccion_laboral.html","ESTA_2033/Seleccion_de_modelos_y_regularizacion_en_prediccion_de_satisfaccion_laboral.html"
"ESTA_2033","Supuestos_modelo_de_regresion_lineal","Supuestos_modelo_de_regresion_lineal.html","ESTA_2033/Supuestos_modelo_de_regresion_lineal.html"
"ESTA_2033","Variables_Aleatorias_y_Distribuciones_de_Probabilidad","Variables_Aleatorias_y_Distribuciones_de_Probabilidad.html","ESTA_2033/Variables_Aleatorias_y_Distribuciones_de_Probabilidad.html"
"ESTA_2033","Variables_numericas_del_Mtcars","Variables_numericas_del_Mtcars.html","ESTA_2033/Variables_numericas_del_Mtcars.html"
"FINZ_1069","S16_Guion 2_Ley Fintech Ecuador","S16_Guion 2_Ley Fintech Ecuador.html","FINZ_1069/S16_Guion 2_Ley Fintech Ecuador.html"
"FINZ_1069","S8_Guion 1_Aplicación de conceptos del sistema financiero","S8_Guion 1_Aplicación de conceptos del sistema financiero.html","FINZ_1069/S8_Guion 1_Aplicación de conceptos del sistema financiero.html"
"FINZ_1070","S1 Guion 1 El dinero en Ecuador Cronología de la moneda en el Ecuador","S1 Guion 1 El dinero en Ecuador Cronología de la moneda en el Ecuador.html","FINZ_1070/S1 Guion 1 El dinero en Ecuador Cronología de la moneda en el Ecuador.html"
"FINZ_1070","S14 Guion 4 Conceptos clave de los consumidores y servicios financieros","S14 Guion 4 Conceptos clave de los consumidores y servicios financieros.html","FINZ_1070/S14 Guion 4 Conceptos clave de los consumidores y servicios financieros.html"
"FINZ_1070","S5 Guion 2 Funcionamiento de la Cámara de Compensación de Cheques","S5 Guion 2 Funcionamiento de la Cámara de Compensación de Cheques.html","FINZ_1070/S5 Guion 2 Funcionamiento de la Cámara de Compensación de Cheques.html"
"FINZ_1070","S7 Guion 3 Proceso de Titularización","S7 Guion 3 Proceso de Titularización.html","FINZ_1070/S7 Guion 3 Proceso de Titularización.html"
"FINZ_2015","S1_Guion 1_Funciones  responsabilidades y derechos de los participantes en el proceso de prácticas preprofesionales","S1_Guion 1_Funciones  responsabilidades y derechos de los participantes en el proceso de prácticas preprofesionales.html","FINZ_2015/S1_Guion 1_Funciones  responsabilidades y derechos de los participantes en el proceso de prácticas preprofesionales.html"
"FINZ_2015","S8 Guion 2 Análisis PESTEL","S8 Guion 2 Análisis PESTEL.html","FINZ_2015/S8 Guion 2 Análisis PESTEL.html"
"FINZ_2015","S9 Guion 3 FODA simple","S9 Guion 3 FODA simple.html","FINZ_2015/S9 Guion 3 FODA simple.html"
"HIST_2010","Caso_de_estudio_Complejidad_social_y_organizacion_en_las_culturas_precolombinas","Caso_de_estudio_Complejidad_social_y_organizacion_en_las_culturas_precolombinas.html","HIST_2010/Caso_de_estudio_Complejidad_social_y_organizacion_en_las_culturas_precolombinas.html"
"HIST_2010","Caso_de_estudio_Crisis_neoliberalismo_y_conflictividad_social_en_el_Ecuador","Caso_de_estudio_Crisis_neoliberalismo_y_conflictividad_social_en_el_Ecuador.html","HIST_2010/Caso_de_estudio_Crisis_neoliberalismo_y_conflictividad_social_en_el_Ecuador.html"
"HIST_2010","Caso_de_estudio_Decisiones_clave_en_el_proceso_de_independencia_del_Ecuador","Caso_de_estudio_Decisiones_clave_en_el_proceso_de_independencia_del_Ecuador.html","HIST_2010/Caso_de_estudio_Decisiones_clave_en_el_proceso_de_independencia_del_Ecuador.html"
"HIST_2010","Caso_de_estudio_Dictaduras_mitilares_y_transformacion_del_Estado_en_el_Ecuador","Caso_de_estudio_Dictaduras_mitilares_y_transformacion_del_Estado_en_el_Ecuador.html","HIST_2010/Caso_de_estudio_Dictaduras_mitilares_y_transformacion_del_Estado_en_el_Ecuador.html"
"HIST_2010","Caso_de_estudio_Formacion_del_Estado_ecuatoriano_(1830–1860)","Caso_de_estudio_Formacion_del_Estado_ecuatoriano_(1830–1860).html","HIST_2010/Caso_de_estudio_Formacion_del_Estado_ecuatoriano_(1830–1860).html"
"HIST_2010","Caso_de_estudio_Reformas_liberales_y_construccion_del_Estado_en_el_Ecuador","Caso_de_estudio_Reformas_liberales_y_construccion_del_Estado_en_el_Ecuador.html","HIST_2010/Caso_de_estudio_Reformas_liberales_y_construccion_del_Estado_en_el_Ecuador.html"
"HIST_2010","Caso_de_estudio_Socialismo_del_Siglo_XXI_Estado_y_conflictos_sociales_en_America_Latina","Caso_de_estudio_Socialismo_del_Siglo_XXI_Estado_y_conflictos_sociales_en_America_Latina.html","HIST_2010/Caso_de_estudio_Socialismo_del_Siglo_XXI_Estado_y_conflictos_sociales_en_America_Latina.html"
"HIST_2010","Culturas_del_Periodo_Integracion","Culturas_del_Periodo_Integracion.html","HIST_2010/Culturas_del_Periodo_Integracion.html"
"HIST_2010","Culturas_prehistoricas_del_Ecuador","Culturas_prehistoricas_del_Ecuador.html","HIST_2010/Culturas_prehistoricas_del_Ecuador.html"
"HIST_2010","Dictaduras_latinoamericanas_del_siglo_XX","Dictaduras_latinoamericanas_del_siglo_XX.html","HIST_2010/Dictaduras_latinoamericanas_del_siglo_XX.html"
"HIST_2010","El_Buen_Vivir_en_la_Constitucion_de_2008","El_Buen_Vivir_en_la_Constitucion_de_2008.html","HIST_2010/El_Buen_Vivir_en_la_Constitucion_de_2008.html"
"HIST_2010","El_sistema_colonial_español","El_sistema_colonial_español.html","HIST_2010/El_sistema_colonial_español.html"
"HIST_2010","Fundaciones_españolas_en_America_siglo_XVI","Fundaciones_españolas_en_America_siglo_XVI.html","HIST_2010/Fundaciones_españolas_en_America_siglo_XVI.html"
"HIST_2010","Historia_colonial_de_Brasil","Historia_colonial_de_Brasil.html","HIST_2010/Historia_colonial_de_Brasil.html"
"HIST_2010","Laboratorio_constitucional_latinoamerano","Laboratorio_constitucional_latinoamerano.html","HIST_2010/Laboratorio_constitucional_latinoamerano.html"
"HIST_2010","Las_independencias_Latinoamericanas","Las_independencias_Latinoamericanas.html","HIST_2010/Las_independencias_Latinoamericanas.html"
"HIST_2010","Los_4_viajes_de_Colon_a_America","Los_4_viajes_de_Colon_a_America.html","HIST_2010/Los_4_viajes_de_Colon_a_America.html"
"HIST_2010","Presidentes_del_Ecuador_segunda_mitad_del_siglo_XIX","Presidentes_del_Ecuador_segunda_mitad_del_siglo_XIX.html","HIST_2010/Presidentes_del_Ecuador_segunda_mitad_del_siglo_XIX.html"
"HIST_2010","Principales_hechos_historicos_de_America_Latina_primeras_decadas_del_siglo_XX","Principales_hechos_historicos_de_America_Latina_primeras_decadas_del_siglo_XX.html","HIST_2010/Principales_hechos_historicos_de_America_Latina_primeras_decadas_del_siglo_XX.html"
"HIST_2010","Principales_hechos_historicos_de_America_Latina_segunda_mitad_del_siglo_XIX","Principales_hechos_historicos_de_America_Latina_segunda_mitad_del_siglo_XIX.html","HIST_2010/Principales_hechos_historicos_de_America_Latina_segunda_mitad_del_siglo_XIX.html"
"HIST_2010","Principales_teorias_cientificas_sobre_el_poblamiento_de_America","Principales_teorias_cientificas_sobre_el_poblamiento_de_America.html","HIST_2010/Principales_teorias_cientificas_sobre_el_poblamiento_de_America.html"
"HIST_2010","Quiz_Culturas_andinas_y_mesoamericanas_antes_de_la_conquista","Quiz_Culturas_andinas_y_mesoamericanas_antes_de_la_conquista.html","HIST_2010/Quiz_Culturas_andinas_y_mesoamericanas_antes_de_la_conquista.html"
"HIST_2010","Quiz_Estado_social_en_el_Ecuador_y_transformaciones_politicas_(1912-1960)","Quiz_Estado_social_en_el_Ecuador_y_transformaciones_politicas_(1912-1960).html","HIST_2010/Quiz_Estado_social_en_el_Ecuador_y_transformaciones_politicas_(1912-1960).html"
"HIST_2010","Quiz_Iglesia_y_cultura_en_la_sociedad_colonial","Quiz_Iglesia_y_cultura_en_la_sociedad_colonial.html","HIST_2010/Quiz_Iglesia_y_cultura_en_la_sociedad_colonial.html"
"HIST_2010","Quiz_Neoliberalismo_y_crisis_social_en_America_Latina","Quiz_Neoliberalismo_y_crisis_social_en_America_Latina.html","HIST_2010/Quiz_Neoliberalismo_y_crisis_social_en_America_Latina.html"
"HIST_2010","Rebeliones_coloniales_del_siglo_XVIII","Rebeliones_coloniales_del_siglo_XVIII.html","HIST_2010/Rebeliones_coloniales_del_siglo_XVIII.html"
"HIST_2010","Reformas_Borbonicas_y_crisis_del_sistema_colonial","Reformas_Borbonicas_y_crisis_del_sistema_colonial.html","HIST_2010/Reformas_Borbonicas_y_crisis_del_sistema_colonial.html"
"HIST_2010","Repaso_del_primer_bimestre","Repaso_del_primer_bimestre.html","HIST_2010/Repaso_del_primer_bimestre.html"
"HIST_2010","Repaso_del_segundo_bimestre","Repaso_del_segundo_bimestre.html","HIST_2010/Repaso_del_segundo_bimestre.html"
"HIST_2010","Transformaciones_sociales_y_politicas_en_America_Latina_(1920-1950)","Transformaciones_sociales_y_politicas_en_America_Latina_(1920-1950).html","HIST_2010/Transformaciones_sociales_y_politicas_en_America_Latina_(1920-1950).html"
"MATE_1237","Repaso_del_modulo","Repaso_del_modulo.html","MATE_1237/Repaso_del_modulo.html"
"MATE_1237","S1_Guion_1_Ejercicios_Propuestos_Fundamentos_de_Algebra_y_Funciones","S1_Guion_1_Ejercicios_Propuestos_Fundamentos_de_Algebra_y_Funciones.html","MATE_1237/S1_Guion_1_Ejercicios_Propuestos_Fundamentos_de_Algebra_y_Funciones.html"
"MATE_1237","S2_Guion_2_Quiz_-_Conceptos_de_limites_y_continuidad_aplicados_a_la_IE","S2_Guion_2_Quiz_-_Conceptos_de_limites_y_continuidad_aplicados_a_la_IE.html","MATE_1237/S2_Guion_2_Quiz_-_Conceptos_de_limites_y_continuidad_aplicados_a_la_IE.html"
"MATE_1237","S2_Guion_3_Ejercicios_Propuestos_de_Limites_Continuidad_y_Derivabilidad","S2_Guion_3_Ejercicios_Propuestos_de_Limites_Continuidad_y_Derivabilidad.html","MATE_1237/S2_Guion_3_Ejercicios_Propuestos_de_Limites_Continuidad_y_Derivabilidad.html"
"MATE_1237","S3_Guion_4_Reglas_Fundamentales_de_Derivacion","S3_Guion_4_Reglas_Fundamentales_de_Derivacion.html","MATE_1237/S3_Guion_4_Reglas_Fundamentales_de_Derivacion.html"
"MATE_1237","S3_Guion_5_Derivadas_aplicadas_a_Ingenieria_en_Energia","S3_Guion_5_Derivadas_aplicadas_a_Ingenieria_en_Energia.html","MATE_1237/S3_Guion_5_Derivadas_aplicadas_a_Ingenieria_en_Energia.html"
"MATE_1237","S3_Guion_6_Derivadas_ordinarias_conceptos_interpretaciones_y_reglas_fundamentales","S3_Guion_6_Derivadas_ordinarias_conceptos_interpretaciones_y_reglas_fundamentales.html","MATE_1237/S3_Guion_6_Derivadas_ordinarias_conceptos_interpretaciones_y_reglas_fundamentales.html"
"MATE_1237","S4_Guion_7_Aplicaciones_de_la_derivada_en_problemas_de_optimizacion_y_modelado","S4_Guion_7_Aplicaciones_de_la_derivada_en_problemas_de_optimizacion_y_modelado.html","MATE_1237/S4_Guion_7_Aplicaciones_de_la_derivada_en_problemas_de_optimizacion_y_modelado.html"
"MATE_1237","S4_Guion_8_Quiz_-_Repaso_de_conceptos_y_aplicaciones_de_las_derivadas","S4_Guion_8_Quiz_-_Repaso_de_conceptos_y_aplicaciones_de_las_derivadas.html","MATE_1237/S4_Guion_8_Quiz_-_Repaso_de_conceptos_y_aplicaciones_de_las_derivadas.html"
"MATE_1237","S5_Guion_10_Quiz_-_Repaso_de_Conceptos_y_ejercicios_de_Metodos_de_integracion","S5_Guion_10_Quiz_-_Repaso_de_Conceptos_y_ejercicios_de_Metodos_de_integracion.html","MATE_1237/S5_Guion_10_Quiz_-_Repaso_de_Conceptos_y_ejercicios_de_Metodos_de_integracion.html"
"MATE_1237","S5_Guion_9_Ejercicios_de_Aplicacion_Integral_Indefinida_y_Ecuaciones_Diferenciales","S5_Guion_9_Ejercicios_de_Aplicacion_Integral_Indefinida_y_Ecuaciones_Diferenciales.html","MATE_1237/S5_Guion_9_Ejercicios_de_Aplicacion_Integral_Indefinida_y_Ecuaciones_Diferenciales.html"
"MATE_1237","S6_Guion_11_Aplicaciones_Fisicas_y_de_Ingenieria","S6_Guion_11_Aplicaciones_Fisicas_y_de_Ingenieria.html","MATE_1237/S6_Guion_11_Aplicaciones_Fisicas_y_de_Ingenieria.html"
"MATE_1237","S6_Guion_12_Decisiones_tecnicas_con_integrales_definidas","S6_Guion_12_Decisiones_tecnicas_con_integrales_definidas.html","MATE_1237/S6_Guion_12_Decisiones_tecnicas_con_integrales_definidas.html"
"MATE_1237","S7_Guion_13_Quiz-Repaso_de_conceptos_de_funciones_multivariables_aplicados_a_la_IE","S7_Guion_13_Quiz-Repaso_de_conceptos_de_funciones_multivariables_aplicados_a_la_IE.html","MATE_1237/S7_Guion_13_Quiz-Repaso_de_conceptos_de_funciones_multivariables_aplicados_a_la_IE.html"
"MATE_1237","S7_Guion_14_Conceptos_clave_de_funciones_multivariables","S7_Guion_14_Conceptos_clave_de_funciones_multivariables.html","MATE_1237/S7_Guion_14_Conceptos_clave_de_funciones_multivariables.html"
"MATE_1920","Resumen_de_la_Asignatura","Resumen_de_la_Asignatura.html","MATE_1920/Resumen_de_la_Asignatura.html"
"MATE_1920","S1_Guion_1_Variaciones_tasas_y_porcentajes","S1_Guion_1_Variaciones_tasas_y_porcentajes.html","MATE_1920/S1_Guion_1_Variaciones_tasas_y_porcentajes.html"
"MATE_1920","S1_Guion_2_Precision_Error_y_Notacion_Cientifica_en_los_Numeros_Reales","S1_Guion_2_Precision_Error_y_Notacion_Cientifica_en_los_Numeros_Reales.html","MATE_1920/S1_Guion_2_Precision_Error_y_Notacion_Cientifica_en_los_Numeros_Reales.html"
"MATE_1920","S3_Guion_3_Tipos_de_Ecuaciones","S3_Guion_3_Tipos_de_Ecuaciones.html","MATE_1920/S3_Guion_3_Tipos_de_Ecuaciones.html"
"MATE_1920","S4_Guion_4_Inecuaciones_lineales_y_no_lineales","S4_Guion_4_Inecuaciones_lineales_y_no_lineales.html","MATE_1920/S4_Guion_4_Inecuaciones_lineales_y_no_lineales.html"
"MATE_1920","S5_Guion_5_Sucesiones_Aritmeticas_y_Geometricas","S5_Guion_5_Sucesiones_Aritmeticas_y_Geometricas.html","MATE_1920/S5_Guion_5_Sucesiones_Aritmeticas_y_Geometricas.html"
"MATE_1920","S6_Guion_6_Definicion_de_funcion","S6_Guion_6_Definicion_de_funcion.html","MATE_1920/S6_Guion_6_Definicion_de_funcion.html"
"MATE_1920","S8_Guion_7_Propiedades_de_Limites_considerando_su_existencia","S8_Guion_7_Propiedades_de_Limites_considerando_su_existencia.html","MATE_1920/S8_Guion_7_Propiedades_de_Limites_considerando_su_existencia.html"
"MATE_2037","Funciones_especiales_composicion_e_inversa","Funciones_especiales_composicion_e_inversa.html","MATE_2037/Funciones_especiales_composicion_e_inversa.html"
"MATE_2037","Primera_derivada_Ejemplo","Primera_derivada_Ejemplo.html","MATE_2037/Primera_derivada_Ejemplo.html"
"MATE_2037","pruebas_1","pruebas_1.html","MATE_2037/pruebas_1.html"
"MATE_2037","Reglas_del_producto_y_del_cociente","Reglas_del_producto_y_del_cociente.html","MATE_2037/Reglas_del_producto_y_del_cociente.html"
"MATE_2037","Repaso_general_del_primer_bimestre","Repaso_general_del_primer_bimestre.html","MATE_2037/Repaso_general_del_primer_bimestre.html"
"MATE_2037","Repaso_general_del_segundo_bimestre","Repaso_general_del_segundo_bimestre.html","MATE_2037/Repaso_general_del_segundo_bimestre.html"
"MATE_2037","S1_Guion_1_Dominio_y_rango_de_una_funcion","S1_Guion_1_Dominio_y_rango_de_una_funcion.html","MATE_2037/S1_Guion_1_Dominio_y_rango_de_una_funcion.html"
"MATE_2037","S1_Guion_2_Elementos_criticos_de_analisis","S1_Guion_2_Elementos_criticos_de_analisis.html","MATE_2037/S1_Guion_2_Elementos_criticos_de_analisis.html"
"MATE_2037","S1_Guion_3_Funciones_de_notacion_representacion_dominio_y_analisis_grafico","S1_Guion_3_Funciones_de_notacion_representacion_dominio_y_analisis_grafico.html","MATE_2037/S1_Guion_3_Funciones_de_notacion_representacion_dominio_y_analisis_grafico.html"
"MATE_2037","S10_Guion_20_Aplicacion_de_las_reglas_basicas_de_derivacion","S10_Guion_20_Aplicacion_de_las_reglas_basicas_de_derivacion.html","MATE_2037/S10_Guion_20_Aplicacion_de_las_reglas_basicas_de_derivacion.html"
"MATE_2037","S11_Guion_22_Derivadas_de_funciones_trigonometricas_y_su_aplicacion_en_senales","S11_Guion_22_Derivadas_de_funciones_trigonometricas_y_su_aplicacion_en_senales.html","MATE_2037/S11_Guion_22_Derivadas_de_funciones_trigonometricas_y_su_aplicacion_en_senales.html"
"MATE_2037","S11_Guion_23_Derivadas_de_funciones_trascendentes","S11_Guion_23_Derivadas_de_funciones_trascendentes.html","MATE_2037/S11_Guion_23_Derivadas_de_funciones_trascendentes.html"
"MATE_2037","S12_Guion_24_Ejemplo_de_aplicacion_de_Teorema_de_Rollen","S12_Guion_24_Ejemplo_de_aplicacion_de_Teorema_de_Rollen.html","MATE_2037/S12_Guion_24_Ejemplo_de_aplicacion_de_Teorema_de_Rollen.html"
"MATE_2037","S12_Guion_25_Fundamentos_y_aplicaciones_del_TVM","S12_Guion_25_Fundamentos_y_aplicaciones_del_TVM.html","MATE_2037/S12_Guion_25_Fundamentos_y_aplicaciones_del_TVM.html"
"MATE_2037","S13_Guion_27_Criterios_de_la_Derivada","S13_Guion_27_Criterios_de_la_Derivada.html","MATE_2037/S13_Guion_27_Criterios_de_la_Derivada.html"
"MATE_2037","S14_Guion_28_Optimizacion_de_rendimiento_en_redes","S14_Guion_28_Optimizacion_de_rendimiento_en_redes.html","MATE_2037/S14_Guion_28_Optimizacion_de_rendimiento_en_redes.html"
"MATE_2037","S14_Guion_29_Areas_de_aplicacion_de_la_derivada","S14_Guion_29_Areas_de_aplicacion_de_la_derivada.html","MATE_2037/S14_Guion_29_Areas_de_aplicacion_de_la_derivada.html"
"MATE_2037","S15_Guion_30_Tasa_de_cambio_relacionada_Ejemplos_de_aplicacion","S15_Guion_30_Tasa_de_cambio_relacionada_Ejemplos_de_aplicacion.html","MATE_2037/S15_Guion_30_Tasa_de_cambio_relacionada_Ejemplos_de_aplicacion.html"
"MATE_2037","S15_Guion_31_Guia_del_uso_del_simulador","S15_Guion_31_Guia_del_uso_del_simulador.html","MATE_2037/S15_Guion_31_Guia_del_uso_del_simulador.html"
"MATE_2037","S2_Guion_5_Operaciones_con_funciones","S2_Guion_5_Operaciones_con_funciones.html","MATE_2037/S2_Guion_5_Operaciones_con_funciones.html"
"MATE_2037","S2_Guion_6_Asintotas","S2_Guion_6_Asintotas.html","MATE_2037/S2_Guion_6_Asintotas.html"
"MATE_2037","S4_Guion_8_Uso_del_concepto_de_limite_en_distintos_campos","S4_Guion_8_Uso_del_concepto_de_limite_en_distintos_campos.html","MATE_2037/S4_Guion_8_Uso_del_concepto_de_limite_en_distintos_campos.html"
"MATE_2037","S4_Guion_9_Limites","S4_Guion_9_Limites.html","MATE_2037/S4_Guion_9_Limites.html"
"MATE_2037","S5_Guion_10_Conjugados_para_racionalizacion_de_limites","S5_Guion_10_Conjugados_para_racionalizacion_de_limites.html","MATE_2037/S5_Guion_10_Conjugados_para_racionalizacion_de_limites.html"
"MATE_2037","S5_Guion_11_Resolucion_de_limites_paso_a_paso","S5_Guion_11_Resolucion_de_limites_paso_a_paso.html","MATE_2037/S5_Guion_11_Resolucion_de_limites_paso_a_paso.html"
"MATE_2037","S6_Guion_12_Tipos_de_continuidad_de_una_funcion","S6_Guion_12_Tipos_de_continuidad_de_una_funcion.html","MATE_2037/S6_Guion_12_Tipos_de_continuidad_de_una_funcion.html"
"MATE_2037","S6_Guion_13_Continuidad_y_discontinuidad_de_funciones","S6_Guion_13_Continuidad_y_discontinuidad_de_funciones.html","MATE_2037/S6_Guion_13_Continuidad_y_discontinuidad_de_funciones.html"
"MATE_2037","S7_Guion_14_Analisis_de_escalabilidad_en_arquitecturas_de_servidores","S7_Guion_14_Analisis_de_escalabilidad_en_arquitecturas_de_servidores.html","MATE_2037/S7_Guion_14_Analisis_de_escalabilidad_en_arquitecturas_de_servidores.html"
"MATE_2037","S7_Guion_15_Limites_y_continuidad_aplicados_a_ingenieria_y_analitica_de_datos","S7_Guion_15_Limites_y_continuidad_aplicados_a_ingenieria_y_analitica_de_datos.html","MATE_2037/S7_Guion_15_Limites_y_continuidad_aplicados_a_ingenieria_y_analitica_de_datos.html"
"MATE_2037","S8_Guion_16_Funciones_limites_y_continuidad","S8_Guion_16_Funciones_limites_y_continuidad.html","MATE_2037/S8_Guion_16_Funciones_limites_y_continuidad.html"
"MATE_2037","S9_Guion_18_Tasa_de_cambio_promedio_e_instantanea","S9_Guion_18_Tasa_de_cambio_promedio_e_instantanea.html","MATE_2037/S9_Guion_18_Tasa_de_cambio_promedio_e_instantanea.html"
"MATE_2037","Tasa_de_cambio_promedio_instantanea_y_derivadas","Tasa_de_cambio_promedio_instantanea_y_derivadas.html","MATE_2037/Tasa_de_cambio_promedio_instantanea_y_derivadas.html"
"MATE_2037","Tipos_de_funciones","Tipos_de_funciones.html","MATE_2037/Tipos_de_funciones.html"
"PREV_1003","Acuerdo_de_Paris","Acuerdo_de_Paris.html","PREV_1003/Acuerdo_de_Paris.html"
"PREV_1003","Antecedentes_historicos_e_identificacion_de_amenazas","Antecedentes_historicos_e_identificacion_de_amenazas.html","PREV_1003/Antecedentes_historicos_e_identificacion_de_amenazas.html"
"PREV_1003","Antecendes_historicos_del_desarrollo_Sostenible","Antecendes_historicos_del_desarrollo_Sostenible.html","PREV_1003/Antecendes_historicos_del_desarrollo_Sostenible.html"
"PREV_1003","Aspecto_de_la_gestion_del_riesgo","Aspecto_de_la_gestion_del_riesgo.html","PREV_1003/Aspecto_de_la_gestion_del_riesgo.html"
"PREV_1003","Componentes_de_la_Gestion_de_Riesgos","Componentes_de_la_Gestion_de_Riesgos.html","PREV_1003/Componentes_de_la_Gestion_de_Riesgos.html"
"PREV_1003","Componentes_del_riesgo_de_desastres","Componentes_del_riesgo_de_desastres.html","PREV_1003/Componentes_del_riesgo_de_desastres.html"
"PREV_1003","Dinamica_de_deslizamientos_en_taludes_y_acciones_de_control","Dinamica_de_deslizamientos_en_taludes_y_acciones_de_control.html","PREV_1003/Dinamica_de_deslizamientos_en_taludes_y_acciones_de_control.html"
"PREV_1003","Etapas_del_procedimiento_SoVI","Etapas_del_procedimiento_SoVI.html","PREV_1003/Etapas_del_procedimiento_SoVI.html"
"PREV_1003","Hitos_internacionales_en_gestion_del_riesgo","Hitos_internacionales_en_gestion_del_riesgo.html","PREV_1003/Hitos_internacionales_en_gestion_del_riesgo.html"
"PREV_1003","Matriz_de_riesgo_con_enfoque_cualitativo","Matriz_de_riesgo_con_enfoque_cualitativo.html","PREV_1003/Matriz_de_riesgo_con_enfoque_cualitativo.html"
"PREV_1003","Objetivos_de_Desarrollo_Sostenible_ODS","Objetivos_de_Desarrollo_Sostenible_ODS.html","PREV_1003/Objetivos_de_Desarrollo_Sostenible_ODS.html"
"PREV_1003","Pasos_generales_para_aplicar_la_metodologia_de_evaluacion_cuantitativa_del_riesgo","Pasos_generales_para_aplicar_la_metodologia_de_evaluacion_cuantitativa_del_riesgo.html","PREV_1003/Pasos_generales_para_aplicar_la_metodologia_de_evaluacion_cuantitativa_del_riesgo.html"
"PREV_1003","Perspectivas_conceptuales_del_Territorio","Perspectivas_conceptuales_del_Territorio.html","PREV_1003/Perspectivas_conceptuales_del_Territorio.html"
"PREV_1003","Resumen_de_la_Asignatura","Resumen_de_la_Asignatura.html","PREV_1003/Resumen_de_la_Asignatura.html"
"PREV_1003","Territorio_y_riesgo_de_desastres","Territorio_y_riesgo_de_desastres.html","PREV_1003/Territorio_y_riesgo_de_desastres.html"
"PREV_1003","Tipos_de_Gestion","Tipos_de_Gestion.html","PREV_1003/Tipos_de_Gestion.html"
"PREV_1003","Tipos_de_vulnerabilidad","Tipos_de_vulnerabilidad.html","PREV_1003/Tipos_de_vulnerabilidad.html"
"PREV_1003","Una_misma_lluvia_distintos_impactos","Una_misma_lluvia_distintos_impactos.html","PREV_1003/Una_misma_lluvia_distintos_impactos.html"
"PREV_1003","Vulnerabilidad_y_tipos_de_riesgo_de_desastres","Vulnerabilidad_y_tipos_de_riesgo_de_desastres.html","PREV_1003/Vulnerabilidad_y_tipos_de_riesgo_de_desastres.html"
"PSIP_4003_EC","S3_Guion 1_Adultez Emergente vs Adultez Temprana","S3_Guion 1_Adultez Emergente vs Adultez Temprana.html","PSIP_4003_EC/S3_Guion 1_Adultez Emergente vs Adultez Temprana.html"
"PSIP_4003_EC","S9_Guion 2_Aprendizaje  memoria y amnesia","S9_Guion 2_Aprendizaje  memoria y amnesia.html","PSIP_4003_EC/S9_Guion 2_Aprendizaje  memoria y amnesia.html"
"RENR_1005","Clasificacion_de_los_recursos_naturales_por_tipo","Clasificacion_de_los_recursos_naturales_por_tipo.html","RENR_1005/Clasificacion_de_los_recursos_naturales_por_tipo.html"
"RENR_1005","Conceptos_clave_para_ver_con_lentes_funcionales","Conceptos_clave_para_ver_con_lentes_funcionales.html","RENR_1005/Conceptos_clave_para_ver_con_lentes_funcionales.html"
"RENR_1005","Detective_Global–Local_La_historia_oculta_de_un_producto","Detective_Global–Local_La_historia_oculta_de_un_producto.html","RENR_1005/Detective_Global–Local_La_historia_oculta_de_un_producto.html"
"RENR_1005","Ecosistemas_Gobernanza_y_Monitoreo","Ecosistemas_Gobernanza_y_Monitoreo.html","RENR_1005/Ecosistemas_Gobernanza_y_Monitoreo.html"
"RENR_1005","La_Ruta_del_Agua_-_Carbono_en_Mi_Dia","La_Ruta_del_Agua_-_Carbono_en_Mi_Dia.html","RENR_1005/La_Ruta_del_Agua_-_Carbono_en_Mi_Dia.html"
"RENR_1005","Mini-historia_Un_dia_sin_ese_servicio","Mini-historia_Un_dia_sin_ese_servicio.html","RENR_1005/Mini-historia_Un_dia_sin_ese_servicio.html"
"RENR_1005","Patrones_de_uso_de_materiales_y_energia","Patrones_de_uso_de_materiales_y_energia.html","RENR_1005/Patrones_de_uso_de_materiales_y_energia.html"
"RENR_1005","Principales_ciclos_biogeoquimicos","Principales_ciclos_biogeoquimicos.html","RENR_1005/Principales_ciclos_biogeoquimicos.html"
"RENR_1005","Principios_para_la_stion_sostenible_de_los_recursos_naturales","Principios_para_la_stion_sostenible_de_los_recursos_naturales.html","RENR_1005/Principios_para_la_stion_sostenible_de_los_recursos_naturales.html"
"RENR_1005","Radiografia_Funcional_en_5_Evidencias","Radiografia_Funcional_en_5_Evidencias.html","RENR_1005/Radiografia_Funcional_en_5_Evidencias.html"
"RENR_1005","Repaso_del_Modulo","Repaso_del_Modulo.html","RENR_1005/Repaso_del_Modulo.html"
"RENR_1005","Representacion_de_los_cuatro_subsistemas_de_la_tierra","Representacion_de_los_cuatro_subsistemas_de_la_tierra.html","RENR_1005/Representacion_de_los_cuatro_subsistemas_de_la_tierra.html"
"RENR_1005","Resumen_de_la_clasificacion_de_los_recursos_naturales","Resumen_de_la_clasificacion_de_los_recursos_naturales.html","RENR_1005/Resumen_de_la_clasificacion_de_los_recursos_naturales.html"
"RENR_1005","Shocks_climaticos_y_su_impacto_en_los_recursos_naturales","Shocks_climaticos_y_su_impacto_en_los_recursos_naturales.html","RENR_1005/Shocks_climaticos_y_su_impacto_en_los_recursos_naturales.html"
"RENR_1005","Territorio_actores_y_normas","Territorio_actores_y_normas.html","RENR_1005/Territorio_actores_y_normas.html"
"RENR_1005","Tipos_y_ejemplos_de_servicios_ecosistemicos","Tipos_y_ejemplos_de_servicios_ecosistemicos.html","RENR_1005/Tipos_y_ejemplos_de_servicios_ecosistemicos.html"
"RENR_1005","Tres_Condiciones_del_Valor_de_un_Recurso","Tres_Condiciones_del_Valor_de_un_Recurso.html","RENR_1005/Tres_Condiciones_del_Valor_de_un_Recurso.html"
"RENR_1005","Tres_contextos_territoriales","Tres_contextos_territoriales.html","RENR_1005/Tres_contextos_territoriales.html"
"TIER_1082","Cadenas_montanosas_mas_grandes_del_planeta","Cadenas_montanosas_mas_grandes_del_planeta.html","TIER_1082/Cadenas_montanosas_mas_grandes_del_planeta.html"
"TIER_1082","Ciclos_biogeoquimicos","Ciclos_biogeoquimicos.html","TIER_1082/Ciclos_biogeoquimicos.html"
"TIER_1082","Factores_formadores_del_suelo","Factores_formadores_del_suelo.html","TIER_1082/Factores_formadores_del_suelo.html"
"TIER_1082","Fundamentos_geologicos_y_dinamicas_internas","Fundamentos_geologicos_y_dinamicas_internas.html","TIER_1082/Fundamentos_geologicos_y_dinamicas_internas.html"
"TIER_1082","Hitos_historicos_del_cambio_climatico","Hitos_historicos_del_cambio_climatico.html","TIER_1082/Hitos_historicos_del_cambio_climatico.html"
"TIER_1082","Identificacion_de_amenazas","Identificacion_de_amenazas.html","TIER_1082/Identificacion_de_amenazas.html"
"TIER_1082","Identificacion_de_los_tipos_de_rocas","Identificacion_de_los_tipos_de_rocas.html","TIER_1082/Identificacion_de_los_tipos_de_rocas.html"
"TIER_1082","Instituciones_internacionales_enfocadas_al_estudio_interno_de_la_Tierra","Instituciones_internacionales_enfocadas_al_estudio_interno_de_la_Tierra.html","TIER_1082/Instituciones_internacionales_enfocadas_al_estudio_interno_de_la_Tierra.html"
"TIER_1082","Los_17_Objetivos_de_Desarrollo_Sostenible_ODS","Los_17_Objetivos_de_Desarrollo_Sostenible_ODS.html","TIER_1082/Los_17_Objetivos_de_Desarrollo_Sostenible_ODS.html"
"TIER_1082","Objetos_y_materia_organica","Objetos_y_materia_organica.html","TIER_1082/Objetos_y_materia_organica.html"
"TIER_1082","ODS_relacionados_con_el_suelo","ODS_relacionados_con_el_suelo.html","TIER_1082/ODS_relacionados_con_el_suelo.html"
"TIER_1082","Practicas_de_ahorro_y_gestion_eficiente_del_agua","Practicas_de_ahorro_y_gestion_eficiente_del_agua.html","TIER_1082/Practicas_de_ahorro_y_gestion_eficiente_del_agua.html"
"TIER_1082","Resumen_de_la_asignatura","Resumen_de_la_asignatura.html","TIER_1082/Resumen_de_la_asignatura.html"
"TIER_1082","Riesgos_geologicos","Riesgos_geologicos.html","TIER_1082/Riesgos_geologicos.html"
"TIER_1082","Tipos_de_meteorizacion","Tipos_de_meteorizacion.html","TIER_1082/Tipos_de_meteorizacion.html"
"TIER_1082","Vulnerabilidad_resiliencia_y_planificacion_territorial","Vulnerabilidad_resiliencia_y_planificacion_territorial.html","TIER_1082/Vulnerabilidad_resiliencia_y_planificacion_territorial.html"
"TURI_1028","S1_Guion_1_Componentes_fundamentales_del_sistema_turistico","S1_Guion_1_Componentes_fundamentales_del_sistema_turistico.html","TURI_1028/S1_Guion_1_Componentes_fundamentales_del_sistema_turistico.html"
"TURI_1028","S2_Guion_2_Tipologias_del_Turismo_Cultural","S2_Guion_2_Tipologias_del_Turismo_Cultural.html","TURI_1028/S2_Guion_2_Tipologias_del_Turismo_Cultural.html"
"TURI_1028","S2_Guion_3_Clasificando_experiencias_tipologias_turisticas_en_accion","S2_Guion_3_Clasificando_experiencias_tipologias_turisticas_en_accion.html","TURI_1028/S2_Guion_3_Clasificando_experiencias_tipologias_turisticas_en_accion.html"
"TURI_1028","S3_Guion_4_Tipologias_turisticas_contemporaneas","S3_Guion_4_Tipologias_turisticas_contemporaneas.html","TURI_1028/S3_Guion_4_Tipologias_turisticas_contemporaneas.html"
"TURI_1028","S4_Guion_5_Evolucion_Historica_del_Turismo_Mundial","S4_Guion_5_Evolucion_Historica_del_Turismo_Mundial.html","TURI_1028/S4_Guion_5_Evolucion_Historica_del_Turismo_Mundial.html"
"TURI_1028","S4_Guion_6_Personajes_clave_en_la_historia_del_turismo","S4_Guion_6_Personajes_clave_en_la_historia_del_turismo.html","TURI_1028/S4_Guion_6_Personajes_clave_en_la_historia_del_turismo.html"
"TURI_1028","S5_Guion_7_Enfoques_de_estudio_de_la_gastronomia","S5_Guion_7_Enfoques_de_estudio_de_la_gastronomia.html","TURI_1028/S5_Guion_7_Enfoques_de_estudio_de_la_gastronomia.html"
"TURI_1028","S5_Guion_8_Gastronomia_patrimonio_e_identidad_en_el_turismo","S5_Guion_8_Gastronomia_patrimonio_e_identidad_en_el_turismo.html","TURI_1028/S5_Guion_8_Gastronomia_patrimonio_e_identidad_en_el_turismo.html"
"TURI_1028","S6_Guion_9_Modalidades_de_la_Gastronomia","S6_Guion_9_Modalidades_de_la_Gastronomia.html","TURI_1028/S6_Guion_9_Modalidades_de_la_Gastronomia.html"
"TURI_1028","S7_Guion_10_Diversidad_gastronomica_del_Ecuador_por_regiones","S7_Guion_10_Diversidad_gastronomica_del_Ecuador_por_regiones.html","TURI_1028/S7_Guion_10_Diversidad_gastronomica_del_Ecuador_por_regiones.html"
"TURI_1028","S7_Guion_11_Historia_gastronomica_aplicada_al_turismo","S7_Guion_11_Historia_gastronomica_aplicada_al_turismo.html","TURI_1028/S7_Guion_11_Historia_gastronomica_aplicada_al_turismo.html"
"TURI_1028","S8_Guion_12_Resumen_del_Modulo","S8_Guion_12_Resumen_del_Modulo.html","TURI_1028/S8_Guion_12_Resumen_del_Modulo.html"
"TURI_2010","S1 Guion 1 Estructura general del Prácticum 1","S1 Guion 1 Estructura general del Prácticum 1.html","TURI_2010/S1 Guion 1 Estructura general del Prácticum 1.html"
"TURI_2010","S13 Guion 2 Anexos","S13 Guion 2 Anexos.html","TURI_2010/S13 Guion 2 Anexos.html"
